Symbol,Security,GICS Sector,GICS Sub-Industry,Headquarters Location,Date added,CIK,Founded,Stock Returns (%),Market Cap (Millions),Work From Home Days
MMM,3M,Industrials,Industrial Conglomerates,"Saint Paul, Minnesota",1957-03-04,66740,1902,25.769584909646465,57505275904.0,No data available
AOS,A. O. Smith,Industrials,Building Products,"Milwaukee, Wisconsin",2017-07-26,91142,1916,17.158127676381365,12905492480.0,No data available
ABT,Abbott,Health Care,Health Care Equipment,"North Chicago, Illinois",1957-03-04,1800,1888,-6.866369055619541,177494441984.0,No data available
ABBV,AbbVie,Health Care,Biotechnology,"North Chicago, Illinois",2012-12-31,1551152,2013 (1888),25.872293584362417,304294723584.0,No data available
ACN,Accenture,Information Technology,IT Consulting & Other Services,"Dublin, Ireland",2011-07-06,1467373,1989,7.0526925143091415,206199357440.0,No data available
ADBE,Adobe Inc.,Information Technology,Application Software,"San Jose, California",1997-05-05,796343,1982,6.601144326510215,244313407488.0,No data available
AMD,Advanced Micro Devices,Information Technology,Semiconductors,"Santa Clara, California",2017-03-20,2488,1969,37.487530005491784,245000273920.0,No data available
AES,AES Corporation,Utilities,Independent Power Producers & Energy Traders,"Arlington, Virginia",1998-10-02,874761,1981,-18.566323304229,12152406016.0,No data available
AFL,Aflac,Financials,Life & Health Insurance,"Columbus, Georgia",1999-05-28,4977,1955,31.31497532459424,52793507840.0,No data available
A,Agilent Technologies,Health Care,Life Sciences Tools & Services,"Santa Clara, California",2000-06-05,1090872,1999,6.567459275708637,38448263168.0,No data available
APD,Air Products and Chemicals,Materials,Industrial Gases,"Allentown, Pennsylvania",1985-04-30,2969,1940,-10.391151695254184,58446471168.0,No data available
ABNB,Airbnb,Consumer Discretionary,"Hotels, Resorts & Cruise Lines","San Francisco, California",2023-09-18,1559720,2008,1.8653680731262348,93950574592.0,No data available
AKAM,Akamai,Information Technology,Internet Services & Infrastructure,"Cambridge, Massachusetts",2007-07-12,1086222,1998,3.113476607811298,14477730816.0,No data available
ALB,Albemarle Corporation,Materials,Specialty Chemicals,"Charlotte, North Carolina",2016-07-01,915913,1994,-58.22956839460811,10823061504.0,No data available
ARE,Alexandria Real Estate Equities,Real Estate,Office REITs,"Pasadena, California",2017-03-20,1035443,1994,7.911392529911561,21897101312.0,No data available
ALGN,Align Technology,Health Care,Health Care Supplies,"Tempe, Arizona",2017-06-19,1097149,1997,-23.985614814104526,18940874752.0,No data available
ALLE,Allegion,Industrials,Building Products,"Dublin, Ireland",2013-12-02,1579241,1908,1.1587647512775263,10851391488.0,No data available
LNT,Alliant Energy,Utilities,Electric Utilities,"Madison, Wisconsin",2016-07-01,352541,1917,3.9012240069452613,14059825152.0,No data available
ALL,Allstate,Financials,Property & Casualty Insurance,"Northbrook, Illinois",1995-07-13,899051,1931,59.87540310133858,46021500928.0,No data available
GOOGL,Alphabet Inc. (Class A),Communication Services,Interactive Media & Services,"Mountain View, California",2014-04-03,1652044,1998,49.214689779250385,2205240262656.0,No data available
GOOG,Alphabet Inc. (Class C),Communication Services,Interactive Media & Services,"Mountain View, California",2006-04-03,1652044,1998,50.25026154644817,2205241311232.0,No data available
MO,Altria,Consumer Staples,Tobacco,"Richmond, Virginia",1957-03-04,764180,1985,18.405044706212472,84936802304.0,No data available
AMZN,Amazon,Consumer Discretionary,Broadline Retail,"Seattle, Washington",2005-11-18,1018724,1994,40.912584966242456,1905760665600.0,No data available
AMCR,Amcor,Materials,Paper & Plastic Packaging Products & Materials,"Warmley, Bristol, United Kingdom",2019-06-07,1748790,2019 (1860),7.11187226722642,14612386816.0,No data available
AEE,Ameren,Utilities,Multi-Utilities,"St. Louis, Missouri",1991-09-19,1002910,1902,-10.89816723908172,19952248832.0,No data available
AAL,American Airlines Group,Industrials,Passenger Airlines,"Fort Worth, Texas",2015-03-23,6201,1934,-39.33486468050872,6941431808.0,No data available
AEP,American Electric Power,Utilities,Electric Utilities,"Columbus, Ohio",1957-03-04,4904,1906,11.97679388752832,49096142848.0,No data available
AXP,American Express,Financials,Consumer Finance,"New York City, New York",1976-06-30,4962,1850,38.69806129738081,174344650752.0,No data available
AIG,American International Group,Financials,Multi-line Insurance,"New York City, New York",1980-03-31,5272,1919,26.225543131190932,49390170112.0,No data available
AMT,American Tower,Real Estate,Telecom Tower REITs,"Boston, Massachusetts",2007-11-19,1053507,1995,17.876011770024714,98130124800.0,No data available
AWK,American Water Works,Utilities,Water Utilities,"Camden, New Jersey",2016-03-04,1410636,1886,-1.776473802227284,27501215744.0,No data available
AMP,Ameriprise Financial,Financials,Asset Management & Custody Banks,"Minneapolis, Minnesota",2005-10-03,820027,1894,16.85982092315138,40811606016.0,No data available
AME,Ametek,Industrials,Electrical Components & Equipment,"Berwyn, Pennsylvania",2013-09-23,1037868,1930,7.69082069290436,39155466240.0,No data available
AMGN,Amgen,Health Care,Biotechnology,"Thousand Oaks, California",1992-01-02,318154,1980,46.482399244791345,177715560448.0,No data available
APH,Amphenol,Information Technology,Electronic Components,"Wallingford, Connecticut",2008-09-30,820313,1932,53.901538215628996,77297860608.0,No data available
ADI,Analog Devices,Information Technology,Semiconductors,"Wilmington, Massachusetts",1999-10-12,6281,1965,24.147876000528928,114735292416.0,No data available
ANSS,Ansys,Information Technology,Application Software,"Canonsburg, Pennsylvania",2017-06-19,1013462,1969,-7.624079722489904,27459342336.0,No data available
AON,Aon,Financials,Insurance Brokers,"London, UK",1996-04-23,315293,1982 (1919),-12.056949992732504,64396546048.0,No data available
APA,APA Corporation,Energy,Oil & Gas Exploration & Production,"Houston, Texas",1997-07-28,1841666,1954,-13.846274366305868,11881854976.0,No data available
AAPL,Apple Inc.,Information Technology,"Technology Hardware, Storage & Peripherals","Cupertino, California",1982-11-30,320193,1977,16.761377287957487,3439591948288.0,No data available
AMAT,Applied Materials,Information Technology,Semiconductor Materials & Equipment,"Santa Clara, California",1995-03-16,6951,1967,58.09637022887583,174090010624.0,No data available
APTV,Aptiv,Consumer Discretionary,Automotive Parts & Equipment,"Dublin, Ireland",2012-12-24,1521332,1994,-36.59546952207274,18736912384.0,No data available
ACGL,Arch Capital Group,Financials,Property & Casualty Insurance,"Hamilton, Bermuda",2022-11-01,947484,1995,17.914108557203797,36084973568.0,No data available
ADM,Archer-Daniels-Midland,Consumer Staples,Agricultural Products & Services,"Chicago, Illinois",1957-03-04,7084,1902,-20.02689624670177,31737976832.0,No data available
ANET,Arista Networks,Information Technology,Communications Equipment,"Santa Clara, California",2018-08-28,1596532,2004,92.84755294108012,103585275904.0,No data available
AJG,Arthur J. Gallagher & Co.,Financials,Insurance Brokers,"Rolling Meadows, Illinois",2016-05-31,354190,1927,25.024450913238788,59058315264.0,No data available
AIZ,Assurant,Financials,Multi-line Insurance,"Atlanta, Georgia",2007-04-10,1267238,1892,33.50087093116299,8826669056.0,No data available
T,AT&T,Communication Services,Integrated Telecommunication Services,"Dallas, Texas",1983-11-30,732717,1983 (1885),39.3560370363574,137093652480.0,No data available
ATO,Atmos Energy,Utilities,Gas Utilities,"Dallas, Texas",2019-02-15,731802,1906,3.45355718855542,18550325248.0,No data available
ADSK,Autodesk,Information Technology,Application Software,"San Francisco, California",1989-12-01,769397,1982,14.921550715927017,52250152960.0,No data available
ADP,Automatic Data Processing,Industrials,Human Resource & Employment Services,"Roseland, New Jersey",1981-03-31,8670,1949,6.546573154788314,101082603520.0,No data available
AZO,AutoZone,Consumer Discretionary,Automotive Retail,"Memphis, Tennessee",1997-01-02,866787,1979,19.934955379827237,50401091584.0,No data available
AVB,AvalonBay Communities,Real Estate,Multi-Family Residential REITs,"Arlington, Virginia",2007-01-10,915912,1978,9.248659231596916,29485109248.0,No data available
AVY,Avery Dennison,Materials,Paper & Plastic Packaging Products & Materials,"Mentor, Ohio",1987-12-31,8818,1990,26.27391590751457,17720942592.0,No data available
AXON,Axon Enterprise,Industrials,Aerospace & Defense,"Scottsdale, Arizona",2023-05-04,1069183,1993,67.60854983048094,23277858816.0,No data available
BKR,Baker Hughes,Energy,Oil & Gas Equipment & Services,"Houston, Texas",2017-07-07,1701605,2017,6.303950007934281,36092043264.0,No data available
BALL,Ball Corporation,Materials,"Metal, Glass & Plastic Containers","Broomfield, Colorado",1984-10-31,9389,1880,7.720923970210797,18945472512.0,No data available
BAC,Bank of America,Financials,Diversified Banks,"Charlotte, North Carolina",1976-06-30,70858,1998 (1923 / 1874),39.40350899375038,333536788480.0,No data available
BK,Bank of New York Mellon,Financials,Asset Management & Custody Banks,"New York City, New York",1995-03-31,1390777,1784,42.18552287968778,46262521856.0,No data available
BBWI,"Bath & Body Works, Inc.",Consumer Discretionary,Other Specialty Retail,"Columbus, Ohio",1983-09-30,701985,1963,6.457182783267173,8386788864.0,No data available
BAX,Baxter International,Health Care,Health Care Equipment,"Deerfield, Illinois",1972-09-30,10456,1931,-26.04957990469301,18013652992.0,No data available
BDX,Becton Dickinson,Health Care,Health Care Equipment,"Franklin Lakes, New Jersey",1972-09-30,10795,1897,-11.03504677818219,66685251584.0,No data available
BRK.B,Berkshire Hathaway,Financials,Multi-Sector Holdings,"Omaha, Nebraska",2010-02-16,1067983,1839,,,No data available
BBY,Best Buy,Consumer Discretionary,Computer & Electronics Retail,"Richfield, Minnesota",1999-06-29,764478,1966,11.107763531482409,19112259584.0,No data available
BIO,Bio-Rad,Health Care,Life Sciences Tools & Services,"Hercules, California",2020-06-22,12208,1952,-25.46143650498964,8453582336.0,No data available
TECH,Bio-Techne,Health Care,Life Sciences Tools & Services,"Minneapolis, Minnesota",2021-08-30,842023,1976,-12.79109773237472,11891363840.0,No data available
BIIB,Biogen,Health Care,Biotechnology,"Cambridge, Massachusetts",2003-11-13,875045,1978,-17.58282350353335,32963158016.0,No data available
BLK,BlackRock,Financials,Asset Management & Custody Banks,"New York City, New York",2011-04-04,1364742,1988,13.616796486593364,123109744640.0,No data available
BX,Blackstone,Financials,Asset Management & Custody Banks,"New York City, New York",2023-09-18,1393818,1985,32.93124025395676,167305838592.0,No data available
BA,Boeing,Industrials,Aerospace & Defense,"Arlington, Virginia",1957-03-04,12927,1916,-15.888770349903512,110296539136.0,No data available
BKNG,Booking Holdings,Consumer Discretionary,"Hotels, Resorts & Cruise Lines","Norwalk, Connecticut",2009-11-06,1075531,1996,36.64294159795288,134598877184.0,No data available
BWA,BorgWarner,Consumer Discretionary,Automotive Parts & Equipment,"Auburn Hills, Michigan",2011-12-19,908255,1880,-28.40555847290858,7432075264.0,No data available
BSX,Boston Scientific,Health Care,Health Care Equipment,"Marlborough, Massachusetts",1995-02-24,885725,1979,45.08043188710209,114027151360.0,No data available
BMY,Bristol Myers Squibb,Health Care,Pharmaceuticals,"New York City, New York",1957-03-04,14272,1989 (1887),-29.826334645757278,86435545088.0,No data available
AVGO,Broadcom Inc.,Information Technology,Semiconductors,"Palo Alto, California",2014-05-08,1730168,1961,77.12813421908079,732445343744.0,No data available
BR,Broadridge Financial Solutions,Industrials,Data Processing & Outsourced Services,"Lake Success, New York",2018-06-18,1383312,1962,21.305714892128645,23859359744.0,No data available
BRO,Brown & Brown,Financials,Insurance Brokers,"Daytona Beach, Florida",2021-09-20,79282,1939,31.052651214697374,26374121472.0,No data available
BF.B,Brown–Forman,Consumer Staples,Distillers & Vintners,"Louisville, Kentucky",1982-10-31,14693,1870,,,No data available
BLDR,Builders FirstSource,Industrials,Building Products,"Irving, Texas",2023-12-18,1316835,1998,13.554693612967405,19285006336.0,No data available
BG,Bunge Global SA,Consumer Staples,Agricultural Products & Services,"Chesterfield, Missouri",2023-03-15,1996862,1818,8.806891805752379,15847313408.0,No data available
BXP,"BXP, Inc.",Real Estate,Office REITs,"Boston, Massachusetts",2006-04-03,1037540,1970,12.14998656179096,11764246528.0,No data available
CDNS,Cadence Design Systems,Information Technology,Application Software,"San Jose, California",2017-09-18,813672,1988,17.236911126161797,76264824832.0,No data available
CZR,Caesars Entertainment,Consumer Discretionary,Casinos & Gaming,"Reno, Nevada",2021-03-22,1590895,1973,-34.331017443557535,7963713536.0,No data available
CPT,Camden Property Trust,Real Estate,Multi-Family Residential REITs,"Houston, Texas",2022-04-04,906345,1981,4.680218397430548,12001168384.0,No data available
CPB,Campbell Soup Company,Consumer Staples,Packaged Foods & Meats,"Camden, New Jersey",1957-03-04,16732,1869,3.140763204619248,13852905472.0,No data available
COF,Capital One,Financials,Consumer Finance,"Tysons Corner, Virginia",1998-07-01,927628,1994,30.626311475587336,56245653504.0,No data available
CAH,Cardinal Health,Health Care,Health Care Distributors,"Dublin, Ohio",1997-05-27,721371,1971,3.071403657794359,23146172416.0,No data available
KMX,CarMax,Consumer Discretionary,Automotive Retail,"Richmond, Virginia",2010-06-28,1170010,1993,-5.826267657230769,12487881728.0,No data available
CCL,Carnival,Consumer Discretionary,"Hotels, Resorts & Cruise Lines","Miami, Florida",1998-12-22,815097,1972,4.419267441947169,24145696768.0,No data available
CARR,Carrier Global,Industrials,Building Products,"Palm Beach Gardens, Florida",2020-04-03,1783180,"2020 (1915, United Technologies spinoff)",22.792527910867385,59683028992.0,No data available
CTLT,Catalent,Health Care,Pharmaceuticals,"Somerset, New Jersey",2020-09-21,1596783,2007,21.71079785376385,10480551936.0,No data available
CAT,Caterpillar Inc.,Industrials,Construction Machinery & Heavy Transportation Equipment,"Irving, Texas",1957-03-04,18230,1925,,170009493504.0,No data available
CBOE,Cboe Global Markets,Financials,Financial Exchanges & Data,"Chicago, Illinois",2017-03-01,1374310,1973,30.694269209037934,19414583296.0,No data available
CBRE,CBRE Group,Real Estate,Real Estate Services,"Dallas, Texas",2006-11-10,1138118,1906,11.233661427670995,30016591872.0,No data available
CDW,CDW,Information Technology,Technology Distributors,"Vernon Hills, Illinois",2019-09-23,1402057,1984,22.787571331130447,30755637248.0,No data available
CE,Celanese,Materials,Specialty Chemicals,"Irving, Texas",2018-12-24,1306830,1918,16.265691228524286,15166288896.0,No data available
COR,Cencora,Health Care,Health Care Distributors,"Conshohocken, Pennsylvania",2001-08-30,1140859,1985,16.728717103696216,44033323008.0,No data available
CNC,Centene Corporation,Health Care,Managed Health Care,"St. Louis, Missouri",2016-03-30,1071739,1984,-5.614138535584581,35349372928.0,No data available
CNP,CenterPoint Energy,Utilities,Multi-Utilities,"Houston, Texas",1985-07-31,1130310,1882,-1.8933712274129217,18532804608.0,No data available
CF,CF Industries,Materials,Fertilizers & Agricultural Chemicals,"Deerfield, Illinois",2008-08-27,1324404,1946,-7.071711414980706,13112780800.0,No data available
CHRW,CH Robinson,Industrials,Air Freight & Logistics,"Eden Prairie, Minnesota",2007-03-02,1043277,1905,-7.172448773346647,10405061632.0,No data available
CRL,Charles River Laboratories,Health Care,Life Sciences Tools & Services,"Wilmington, Massachusetts",2021-05-14,1100682,1947,6.985636362697943,11241913344.0,No data available
SCHW,Charles Schwab Corporation,Financials,Investment Banking & Brokerage,"Westlake, Texas",1997-06-02,316709,1971,-7.180235257399905,113492795392.0,No data available
CHTR,Charter Communications,Communication Services,Cable & Satellite,"Stamford, Connecticut",2016-09-08,1091667,1993,-19.001141061818757,46134247424.0,No data available
CVX,Chevron Corporation,Energy,Integrated Oil & Gas,"San Ramon, California",1957-03-04,93410,1879,6.005694600496283,291053502464.0,No data available
CMG,Chipotle Mexican Grill,Consumer Discretionary,Restaurants,"Newport Beach, California",2011-04-28,1058090,1993,27.79812412922487,73529163776.0,No data available
CB,Chubb Limited,Financials,Property & Casualty Insurance,"Zurich, Switzerland",2010-07-15,896159,1985,32.26641069966901,105527132160.0,No data available
CHD,Church & Dwight,Consumer Staples,Household Products,"Ewing, New Jersey",2015-12-29,313927,1847,6.7338275724611725,25090506752.0,No data available
CI,Cigna,Health Care,Health Care Services,"Bloomfield, Connecticut",1976-06-30,1739940,1982,16.151546626674502,95403409408.0,No data available
CINF,Cincinnati Financial,Financials,Property & Casualty Insurance,"Fairfield, Ohio",1997-12-18,20286,1950,21.385026273132844,18964068352.0,No data available
CTAS,Cintas,Industrials,Diversified Support Services,"Mason, Ohio",2001-03-01,723254,1929,51.0168280534794,76965773312.0,No data available
CSCO,Cisco,Information Technology,Communications Equipment,"San Jose, California",1993-12-01,858877,1984,-6.740661739509216,190643290112.0,No data available
C,Citigroup,Financials,Diversified Banks,"New York City, New York",1988-05-31,831001,1998,43.37454259433123,124274098176.0,No data available
CFG,Citizens Financial Group,Financials,Regional Banks,"Providence, Rhode Island",2016-01-29,759944,1828,38.839996196979904,18655819776.0,No data available
CLX,Clorox,Consumer Staples,Household Products,"Oakland, California",1969-03-31,21076,1913,-9.565476929561726,16782766080.0,No data available
CME,CME Group,Financials,Financial Exchanges & Data,"Chicago, Illinois",2006-08-11,1156375,1848,11.689092683296218,71958994944.0,No data available
CMS,CMS Energy,Utilities,Multi-Utilities,"Jackson, Michigan",1957-03-04,811156,1886,2.872842017743998,18318270464.0,No data available
KO,Coca-Cola Company (The),Consumer Staples,Soft Drinks & Non-alcoholic Beverages,"Atlanta, Georgia",1957-03-04,21344,1886,8.00029253764608,281266683904.0,No data available
CTSH,Cognizant,Information Technology,IT Consulting & Other Services,"Teaneck, New Jersey",2006-11-17,1058290,1994,13.193005782583192,36956803072.0,No data available
CL,Colgate-Palmolive,Consumer Staples,Household Products,"New York City, New York",1957-03-04,21665,1806,30.393366660425357,80468860928.0,No data available
CMCSA,Comcast,Communication Services,Cable & Satellite,"Philadelphia, Pennsylvania",2002-11-19,1166691,1963,-4.543871236782119,157259104256.0,No data available
CAG,Conagra Brands,Consumer Staples,Packaged Foods & Meats,"Chicago, Illinois",1983-08-31,23217,1919,-6.202504711716152,14169331712.0,No data available
COP,ConocoPhillips,Energy,Oil & Gas Exploration & Production,"Houston, Texas",1957-03-04,1163165,2002,5.270764487116905,133138849792.0,No data available
ED,Consolidated Edison,Utilities,Multi-Utilities,"New York City, New York",1957-03-04,1047862,1823,1.681119187554889,32522323968.0,No data available
STZ,Constellation Brands,Consumer Staples,Distillers & Vintners,"Rochester, New York",2005-07-01,16918,1945,-7.47519585969932,44731789312.0,No data available
CEG,Constellation Energy,Utilities,Electric Utilities,"Baltimore, Maryland",2022-02-02,1868275,1999,97.03927248689644,59673989120.0,No data available
COO,Cooper Companies (The),Health Care,Health Care Supplies,"San Ramon, California",2016-09-23,711404,1958,-7.35531901503714,18070140928.0,No data available
CPRT,Copart,Industrials,Diversified Support Services,"Dallas, Texas",2018-07-02,900075,1982,13.386689186527198,49760428032.0,No data available
GLW,Corning Inc.,Information Technology,Electronic Components,"Corning, New York",1995-02-27,24741,1851,38.196138179945734,37956788224.0,No data available
CPAY,Corpay,Financials,Transaction & Payment Processing Services,"Atlanta, Georgia",2018-06-20,1175454,2000,15.037923358158297,20464293888.0,No data available
CTVA,Corteva,Materials,Fertilizers & Agricultural Chemicals,"Indianapolis, Indiana",2019-06-03,1755672,2019,-2.035685136668774,38180343808.0,No data available
CSGP,CoStar Group,Real Estate,Real Estate Services,"Washington, D.C.",2022-09-19,1057352,1987,-17.53491407756038,30392772608.0,No data available
COST,Costco,Consumer Staples,Consumer Staples Merchandise Retail,"Issaquah, Washington",1993-10-01,909832,1976,54.95418376415776,371572375552.0,No data available
CTRA,Coterra,Energy,Oil & Gas Exploration & Production,"Houston, Texas",2008-06-23,858470,2021 (1989),2.7465089675389045,19945445376.0,No data available
CRWD,CrowdStrike,Information Technology,Systems Software,"Austin, Texas",2024-06-24,1535527,2011,105.95662617030072,74215366656.0,No data available
CCI,Crown Castle,Real Estate,Telecom Tower REITs,"Houston, Texas",2012-03-14,1051470,1994,3.772966934786748,45709799424.0,No data available
CSX,CSX,Industrials,Rail Transportation,"Jacksonville, Florida",1957-03-04,277948,1980,4.336903868615316,67816521728.0,No data available
CMI,Cummins,Industrials,Construction Machinery & Heavy Transportation Equipment,"Columbus, Indiana",1965-03-31,26172,1919,15.05941741751122,39823495168.0,No data available
CVS,CVS Health,Health Care,Health Care Services,"Woonsocket, Rhode Island",1957-03-04,64803,1996,-18.240068440793898,74782392320.0,No data available
DHR,Danaher Corporation,Health Care,Life Sciences Tools & Services,"Washington, D.C.",1998-11-18,313616,1969,12.911006898191019,180386906112.0,No data available
DRI,Darden Restaurants,Consumer Discretionary,Restaurants,"Orlando, Florida",1995-05-31,940944,1938,-14.012451859462557,17051626496.0,No data available
DVA,DaVita Inc.,Health Care,Health Care Services,"Denver, Colorado",2008-07-31,927066,1979,30.770688920092415,12098573312.0,No data available
DAY,Dayforce,Industrials,Human Resource & Employment Services,"Minneapolis, Minnesota",2021-09-20,1725057,1992,-23.030306199625908,8422386176.0,No data available
DECK,Deckers Brands,Consumer Discretionary,Footwear,"Goleta, California",2024-03-18,910521,1973,62.71781598942603,22166523904.0,No data available
DE,Deere & Company,Industrials,Agricultural & Farm Machinery,"Moline, Illinois",1957-03-04,315189,1837,-12.723671539582734,104181989376.0,No data available
DAL,Delta Air Lines,Industrials,Passenger Airlines,"Atlanta, Georgia",2013-09-11,27904,1929,-6.012288807571584,29327839232.0,No data available
DVN,Devon Energy,Energy,Oil & Gas Exploration & Production,"Oklahoma City, Oklahoma",2000-08-30,1090012,1971,-2.914559648980583,29960286208.0,No data available
DXCM,Dexcom,Health Care,Health Care Equipment,"San Diego, California",2020-05-12,1093557,1999,-14.535010425963746,44405395456.0,No data available
FANG,Diamondback Energy,Energy,Oil & Gas Exploration & Production,"Midland, Texas",2018-12-03,1539838,2007,54.835901804169474,36644343808.0,No data available
DLR,Digital Realty,Real Estate,Data Center REITs,"Austin, Texas",2016-05-18,1297996,2004,35.34226181563907,51375230976.0,No data available
DFS,Discover Financial,Financials,Consumer Finance,"Riverwoods, Illinois",2007-07-02,1393612,1985,42.199297041621165,35527421952.0,No data available
DG,Dollar General,Consumer Staples,Consumer Staples Merchandise Retail,"Goodlettsville, Tennessee",2012-12-03,29534,1939,-26.142399626316998,26919546880.0,No data available
DLTR,Dollar Tree,Consumer Staples,Consumer Staples Merchandise Retail,"Chesapeake, Virginia",2011-12-19,935703,1986,-29.848583383609988,22904432640.0,No data available
D,Dominion Energy,Utilities,Multi-Utilities,"Richmond, Virginia",2016-11-30,715957,1983,2.2171329147358967,43092426752.0,No data available
DPZ,Domino's,Consumer Discretionary,Restaurants,"Ann Arbor, Michigan",2020-05-12,1286681,1960,5.499526744096569,14135118848.0,No data available
DOV,Dover Corporation,Industrials,Industrial Machinery & Supplies & Components,"Downers Grove, Illinois",1985-10-31,29905,1955,24.117575861547085,25245890560.0,No data available
DOW,Dow Inc.,Materials,Commodity Chemicals,"Midland, Michigan",2019-04-01,1751788,2019 (1897),6.937418706499983,37902807040.0,No data available
DHI,DR Horton,Consumer Discretionary,Homebuilding,"Arlington, Texas",2005-06-22,882184,1978,39.793584180157474,57247596544.0,No data available
DTE,DTE Energy,Utilities,Multi-Utilities,"Detroit, Michigan",1957-03-04,936340,1995,6.440474464153042,24023314432.0,No data available
DUK,Duke Energy,Utilities,Electric Utilities,"Charlotte, North Carolina",1976-06-30,1326160,1904,19.88117115598159,82517540864.0,No data available
DD,DuPont,Materials,Specialty Chemicals,"Wilmington, Delaware",2019-04-02,1666700,2017 (1802),7.710171354797277,33297803264.0,No data available
EMN,Eastman Chemical Company,Materials,Specialty Chemicals,"Kingsport, Tennessee",1994-01-01,915389,1920,15.013521736526789,11424743424.0,No data available
ETN,Eaton Corporation,Industrials,Electrical Components & Equipment,"Dublin, Ireland",1957-03-04,1551182,1911,49.97330713059138,124722323456.0,No data available
EBAY,eBay,Consumer Discretionary,Broadline Retail,"San Jose, California",2002-07-22,1065088,1995,12.207220178666944,26907199488.0,No data available
ECL,Ecolab,Materials,Specialty Chemicals,"Saint Paul, Minnesota",1989-01-31,31462,1923,30.92445393200014,69442052096.0,No data available
EIX,Edison International,Utilities,Electric Utilities,"Rosemead, California",1957-03-04,827052,1886,8.604472199126082,28833390592.0,No data available
EW,Edwards Lifesciences,Health Care,Health Care Equipment,"Irvine, California",2011-04-01,1099800,1958,-6.637886049209718,52124901376.0,No data available
EA,Electronic Arts,Communication Services,Interactive Home Entertainment,"Redwood City, California",2002-07-22,712515,1982,2.8270380198792777,37256048640.0,No data available
ELV,Elevance Health,Health Care,Managed Health Care,"Indianapolis, Indiana",2002-07-25,1156039,2014 (1946),6.459039928801811,115970826240.0,No data available
EMR,Emerson Electric,Industrials,Electrical Components & Equipment,"Ferguson, Missouri",1965-03-31,32604,1890,28.551597805270863,66180526080.0,No data available
ENPH,Enphase,Information Technology,Semiconductor Materials & Equipment,"Fremont, California",2021-01-07,1463101,2006,-40.05229639486818,14349204480.0,No data available
ETR,Entergy,Utilities,Electric Utilities,"New Orleans, Louisiana",1957-03-04,65984,1913,11.423334086372112,23591567360.0,No data available
EOG,EOG Resources,Energy,Oil & Gas Exploration & Production,"Houston, Texas",2000-11-02,821189,1999,8.989048055448421,74281394176.0,No data available
EPAM,EPAM Systems,Information Technology,IT Consulting & Other Services,"Newtown, Pennsylvania",2021-12-14,1352010,1993,-12.597799800162912,12110852096.0,No data available
EQT,EQT Corporation,Energy,Oil & Gas Exploration & Production,"Pittsburgh, Pennsylvania",2022-10-03,33213,1888,-10.707663728174316,15844357120.0,No data available
EFX,Equifax,Industrials,Research & Consulting Services,"Atlanta, Georgia",1997-06-19,33185,1899,21.133783618064967,32175941632.0,No data available
EQIX,Equinix,Real Estate,Data Center REITs,"Redwood City, California",2015-03-20,1101239,1998,-0.9199327551076013,74673700864.0,No data available
EQR,Equity Residential,Real Estate,Multi-Family Residential REITs,"Chicago, Illinois",2001-12-03,906107,1969,6.701790605951788,26581096448.0,No data available
ESS,Essex Property Trust,Real Estate,Multi-Family Residential REITs,"San Mateo, California",2014-04-02,920522,1971,21.457558537519127,18929393664.0,No data available
EL,Estée Lauder Companies (The),Consumer Staples,Personal Care Products,"New York City, New York",2006-01-05,1001250,1946,-44.52229082448985,35562377216.0,No data available
ETSY,Etsy,Consumer Discretionary,Broadline Retail,"New York City, New York",2020-09-21,1370637,2005,-32.56688672254998,7338715136.0,No data available
EG,Everest Re,Financials,Reinsurance,"Hamilton, Bermuda",2017-06-19,1095073,1973,7.518653508790978,16745314304.0,No data available
EVRG,Evergy,Utilities,Electric Utilities,"Kansas City, Missouri",2018-06-05,1711269,1909,-4.3528825835143055,12731167744.0,No data available
ES,Eversource,Utilities,Electric Utilities,"Hartford, Connecticut",2009-07-24,72741,1966,-13.056176996519097,21522780160.0,No data available
EXC,Exelon,Utilities,Electric Utilities,"Chicago, Illinois",1957-03-04,1109357,2000,-10.58782225039227,36131086336.0,No data available
EXPE,Expedia Group,Consumer Discretionary,"Hotels, Resorts & Cruise Lines","Seattle, Washington",2007-10-02,1324424,1996,14.309751613696815,18000160768.0,No data available
EXPD,Expeditors International,Industrials,Air Freight & Logistics,"Seattle, Washington",2007-10-10,746515,1979,-2.2876257217324256,16978490368.0,No data available
EXR,Extra Space Storage,Real Estate,Self-Storage REITs,"Salt Lake City, Utah",2016-01-19,1289490,1977,16.02343327566572,36176994304.0,No data available
XOM,ExxonMobil,Energy,Integrated Oil & Gas,"Irving, Texas",1957-03-04,34088,1999,16.194915966864706,520681881600.0,No data available
FFIV,"F5, Inc.",Information Technology,Communications Equipment,"Seattle, Washington",2010-12-20,1048695,1996,17.35864613220545,10255237120.0,No data available
FDS,FactSet,Financials,Financial Exchanges & Data,"Norwalk, Connecticut",2021-12-20,1013237,1978,-0.3247661677140578,16141132800.0,No data available
FICO,Fair Isaac,Information Technology,Application Software,"Bozeman, Montana",2023-03-20,814547,1956,86.67739499572727,39309852672.0,No data available
FAST,Fastenal,Industrials,Trading Companies & Distributors,"Winona, Minnesota",2008-09-15,815556,1967,20.88312209470041,38876938240.0,No data available
FRT,Federal Realty,Real Estate,Retail REITs,"Rockville, Maryland",2016-02-01,34903,1962,11.0199686720427,9152437248.0,No data available
FDX,FedEx,Industrials,Air Freight & Logistics,"Memphis, Tennessee",1980-12-31,1048911,1971,18.5951720263228,74832142336.0,No data available
FIS,Fidelity National Information Services,Financials,Transaction & Payment Processing Services,"Jacksonville, Florida",2006-11-10,1136893,1968,26.506388636962093,41857888256.0,No data available
FITB,Fifth Third Bank,Financials,Diversified Banks,"Cincinnati, Ohio",1996-03-29,35527,1858,46.3584172159276,27905542144.0,No data available
FSLR,First Solar,Information Technology,Semiconductors,"Tempe, Arizona",2022-12-19,1274494,1999,9.0327419021568,23166883840.0,No data available
FE,FirstEnergy,Utilities,Electric Utilities,"Akron, Ohio",1997-11-28,1031296,1997,4.28954245784844,22784679936.0,No data available
FI,Fiserv,Financials,Transaction & Payment Processing Services,"Brookfield, Wisconsin",2001-04-02,798354,1984,20.60595717821152,91299315712.0,No data available
FMC,FMC Corporation,Materials,Fertilizers & Agricultural Chemicals,"Philadelphia, Pennsylvania",2009-08-19,37785,1883,-37.23223569975331,7216976896.0,No data available
F,Ford Motor Company,Consumer Discretionary,Automobile Manufacturers,"Dearborn, Michigan",1957-03-04,37996,1903,6.335222605105931,55551344640.0,No data available
FTNT,Fortinet,Information Technology,Systems Software,"Sunnyvale, California",2018-10-11,1262039,2000,-24.736162369232467,44675092480.0,No data available
FTV,Fortive,Industrials,Industrial Machinery & Supplies & Components,"Everett, Washington",2016-07-01,1659166,2016,2.10001125315181,26609870848.0,No data available
FOXA,Fox Corporation (Class A),Communication Services,Broadcasting,"New York City, New York",2019-03-04,1754301,2019,11.074481241370487,16614629376.0,No data available
FOX,Fox Corporation (Class B),Communication Services,Broadcasting,"New York City, New York",2019-03-04,1754301,2019,10.204950085178762,16614622208.0,No data available
BEN,Franklin Templeton,Financials,Asset Management & Custody Banks,"San Mateo, California",1998-04-30,38777,1947,-16.743891330768673,12357877760.0,No data available
FCX,Freeport-McMoRan,Materials,Copper,"Phoenix, Arizona",2011-07-01,831259,1912,11.070218134032226,65934893056.0,No data available
GRMN,Garmin,Consumer Discretionary,Consumer Electronics,"Schaffhausen, Switzerland",2012-12-12,1121788,1989,63.10652162205827,32666705920.0,No data available
IT,Gartner,Information Technology,IT Consulting & Other Services,"Stamford, Connecticut",2017-04-05,749251,1979,28.283668242646883,35597463552.0,No data available
GE,GE Aerospace,Industrials,Aerospace & Defense,"Evendale, Ohio",1957-03-04,40545,1892,80.10824894095944,174185299968.0,No data available
GEHC,GE HealthCare,Health Care,Health Care Equipment,"Chicago, Illinois",2023-01-04,1932393,1994,-1.5676366380437494,36718043136.0,No data available
GEV,GE Vernova,Industrials,Heavy Electrical Equipment,"Cambridge, Massachusetts",2024-04-02,1996810,2024,,,No data available
GEN,Gen Digital,Information Technology,Systems Software,"Tempe, Arizona",2003-03-25,849399,1982,36.60274693159503,15954199552.0,No data available
GNRC,Generac,Industrials,Electrical Components & Equipment,"Waukesha, Wisconsin",2021-03-22,1474735,1959,6.253399504483046,9485547520.0,No data available
GD,General Dynamics,Industrials,Aerospace & Defense,"Falls Church, Virginia",1957-03-04,40533,1899,36.24865527855732,79077195776.0,No data available
GIS,General Mills,Consumer Staples,Packaged Foods & Meats,"Golden Valley, Minnesota",1957-03-04,40704,1856,-12.53218078018743,35933437952.0,No data available
GM,General Motors,Consumer Discretionary,Automobile Manufacturers,"Detroit, Michigan",2013-06-06,1467858,1908,24.40460645319257,55080837120.0,No data available
GPC,Genuine Parts Company,Consumer Discretionary,Distributors,"Atlanta, Georgia",1973-12-31,40987,1925,-8.463599938659245,19259480064.0,No data available
GILD,Gilead Sciences,Health Care,Biotechnology,"Foster City, California",2004-07-01,882095,1987,-5.41457844792169,90398875648.0,No data available
GPN,Global Payments,Financials,Transaction & Payment Processing Services,"Atlanta, Georgia",2016-04-25,1123360,2000,-9.443596277456532,25688358912.0,No data available
GL,Globe Life,Financials,Life & Health Insurance,"McKinney, Texas",1989-04-30,320335,1900,-22.336045006956812,8143723520.0,No data available
GDDY,GoDaddy,Information Technology,Internet Services & Infrastructure,"Tempe, Arizona",2024-06-24,1609711,1997,92.66189127586436,20463222784.0,No data available
GS,Goldman Sachs,Financials,Investment Banking & Brokerage,"New York City, New York",2002-07-22,886982,1869,42.36072531268598,156371976192.0,No data available
HAL,Halliburton,Energy,Oil & Gas Equipment & Services,"Houston, Texas",1957-03-04,45012,1919,-3.8795436488098884,30454355968.0,No data available
HIG,Hartford (The),Financials,Property & Casualty Insurance,"Hartford, Connecticut",1957-03-04,874766,1810,38.40771943170569,29903788032.0,No data available
HAS,Hasbro,Consumer Discretionary,Leisure Products,"Pawtucket, Rhode Island",1984-09-30,46080,1923,-2.672996096158211,8213744128.0,No data available
HCA,HCA Healthcare,Health Care,Health Care Facilities,"Nashville, Tennessee",2015-01-27,860730,1968,13.251679565606075,84378214400.0,No data available
DOC,Healthpeak,Real Estate,Health Care REITs,"Denver, Colorado",2008-03-31,765880,1985,2.982895485737529,14709044224.0,No data available
HSIC,Henry Schein,Health Care,Health Care Distributors,"Melville, New York",2015-03-17,1000228,1932,-11.97598158634114,9007107072.0,No data available
HSY,Hershey's,Consumer Staples,Packaged Foods & Meats,"Hershey, Pennsylvania",1957-03-04,47111,1894,-20.175632385998217,38656069632.0,No data available
HES,Hess Corporation,Energy,Integrated Oil & Gas,"New York City, New York",1984-05-31,4447,1919,10.021567703403706,47020974080.0,No data available
HPE,Hewlett Packard Enterprise,Information Technology,"Technology Hardware, Storage & Peripherals","Houston, Texas",2015-11-02,1645590,2015,22.47450229632178,26617241600.0,No data available
HLT,Hilton Worldwide,Consumer Discretionary,"Hotels, Resorts & Cruise Lines","Tysons Corner, Virginia",2017-06-19,1585689,1919,47.32096862309574,54807584768.0,No data available
HOLX,Hologic,Health Care,Health Care Equipment,"Marlborough, Massachusetts",2016-03-30,859737,1985,-1.5006335379704272,18229075968.0,No data available
HD,Home Depot (The),Consumer Discretionary,Home Improvement Retail,"Atlanta, Georgia",1988-03-31,354950,1978,16.867372790231126,360312864768.0,No data available
HON,Honeywell,Industrials,Industrial Conglomerates,"Charlotte, North Carolina",1957-03-04,773840,1906,5.502383515300631,139751030784.0,No data available
HRL,Hormel Foods,Consumer Staples,Packaged Foods & Meats,"Austin, Minnesota",2009-03-04,48465,1891,-18.147625944080293,17430618112.0,No data available
HST,Host Hotels & Resorts,Real Estate,Hotel & Resort REITs,"Bethesda, Maryland",2007-03-20,1070750,1993,8.00458880145129,12765400064.0,No data available
HWM,Howmet Aerospace,Industrials,Aerospace & Defense,"Pittsburgh, Pennsylvania",2016-10-21,4281,1888,55.3684307110182,31850520576.0,No data available
HPQ,HP Inc.,Information Technology,"Technology Hardware, Storage & Peripherals","Palo Alto, California",1974-12-31,47217,1939 (2015),18.12317734262908,36353507328.0,No data available
HUBB,Hubbell Incorporated,Industrials,Industrial Machinery & Supplies & Components,"Shelton, Connecticut",2023-10-18,48898,1888,11.145072953831042,19876167680.0,No data available
HUM,Humana,Health Care,Managed Health Care,"Louisville, Kentucky",2012-12-10,49071,1961,-12.657013686248412,46679678976.0,No data available
HBAN,Huntington Bancshares,Financials,Regional Banks,"Columbus, Ohio; Detroit, Michigan",1997-08-28,49196,1866,31.818487907377225,21583108096.0,No data available
HII,Huntington Ingalls Industries,Industrials,Aerospace & Defense,"Newport News, Virginia",2018-01-03,1501585,2011,15.496971326956194,10387520512.0,No data available
IBM,IBM,Information Technology,IT Consulting & Other Services,"Armonk, New York",1957-03-04,51143,1911,38.06034732498328,168334000128.0,No data available
IEX,IDEX Corporation,Industrials,Industrial Machinery & Supplies & Components,"Lake Forest, Illinois",2019-08-09,832101,1988,-2.9123360677364927,15363895296.0,No data available
IDXX,Idexx Laboratories,Health Care,Health Care Equipment,"Westbrook, Maine",2017-01-05,874716,1983,-13.753080934152953,38667374592.0,No data available
ITW,Illinois Tool Works,Industrials,Industrial Machinery & Supplies & Components,"Glenview, Illinois",1986-02-28,49826,1912,-2.8774706077851366,72397807616.0,No data available
INCY,Incyte,Health Care,Biotechnology,"Wilmington, Delaware",2017-02-28,879169,1991,2.905796825928832,12977115136.0,No data available
IR,Ingersoll Rand,Industrials,Industrial Machinery & Supplies & Components,"Davidson, North Carolina",2020-03-03,1699150,1859,47.82653448680788,39097053184.0,No data available
PODD,Insulet Corporation,Health Care,Health Care Equipment,"Acton, Massachusetts",2023-03-15,1145197,2000,-30.054151930768008,13659804672.0,No data available
INTC,Intel,Information Technology,Semiconductors,"Santa Clara, California",1976-12-31,50863,1968,0.21006362761559527,140391563264.0,No data available
ICE,Intercontinental Exchange,Financials,Financial Exchanges & Data,"Atlanta, Georgia",2007-09-26,1571949,2000,29.487637549632257,84707033088.0,No data available
IFF,International Flavors & Fragrances,Materials,Specialty Chemicals,"New York City, New York",1976-03-31,51253,1958 (1889),18.22257411315095,24429430784.0,No data available
IP,International Paper,Materials,Paper & Plastic Packaging Products & Materials,"Memphis, Tennessee",1957-03-04,51434,1898,52.302417515835785,15880019968.0,No data available
IPG,Interpublic Group of Companies (The),Communication Services,Advertising,"New York City, New York",1992-10-01,51644,1961 (1930),-18.554211602911085,11190621184.0,No data available
INTU,Intuit,Information Technology,Application Software,"Mountain View, California",2000-12-05,896878,1983,30.222403464739845,177948442624.0,No data available
ISRG,Intuitive Surgical,Health Care,Health Care Equipment,"Sunnyvale, California",2008-06-02,1035267,1995,30.877870612878738,161394769920.0,No data available
IVZ,Invesco,Financials,Asset Management & Custody Banks,"Atlanta, Georgia",2008-08-21,914208,1935,-4.520377887152892,7291760128.0,No data available
INVH,Invitation Homes,Real Estate,Single-Family Residential REITs,"Dallas, Texas",2022-09-19,1687229,2012,4.820872331363645,22002292736.0,No data available
IQV,IQVIA,Health Care,Life Sciences Tools & Services,"Durham, North Carolina",2017-08-29,1478242,1982,-0.7951529936805141,40916656128.0,No data available
IRM,Iron Mountain,Real Estate,Other Specialized REITs,"Boston, Massachusetts",2009-01-06,1020569,1951,64.27902815164866,28809109504.0,No data available
JBHT,J.B. Hunt,Industrials,Cargo Ground Transportation,"Lowell, Arkansas",2015-07-01,728535,1961,-13.736291224138606,16744224768.0,No data available
JBL,Jabil,Information Technology,Electronic Manufacturing Services,"St. Petersburg, Florida",2023-12-18,898293,1966,-2.2739369245389245,12540210176.0,No data available
JKHY,Jack Henry & Associates,Financials,Transaction & Payment Processing Services,"Monett, Missouri",2018-11-13,779152,1976,-2.1110784181129123,12108690432.0,No data available
J,Jacobs Solutions,Industrials,Construction & Engineering,"Dallas, Texas",2007-10-26,52988,1947,21.137594532127096,18517749760.0,No data available
JNJ,Johnson & Johnson,Health Care,Pharmaceuticals,"New Brunswick, New Jersey",1973-06-30,200406,1886,-5.2544180898928285,372289339392.0,No data available
JCI,Johnson Controls,Industrials,Building Products,"Cork, Ireland",2010-08-27,833444,1885,2.774803961237353,46449958912.0,No data available
JPM,JPMorgan Chase,Financials,Diversified Banks,"New York City, New York",1975-06-30,19617,2000 (1799 / 1871),37.72425540713386,596845068288.0,No data available
JNPR,Juniper Networks,Information Technology,Communications Equipment,"Sunnyvale, California",2006-06-02,1043604,1996,28.098538647845483,12118802432.0,No data available
K,Kellanova,Consumer Staples,Packaged Foods & Meats,"Chicago, Illinois",1989-09-11,55067,1906,-5.140838752425582,19815596032.0,No data available
KVUE,Kenvue,Consumer Staples,Personal Care Products,"Skillman, New Jersey",2023-08-25,1944048,2022 (Johnson & Johnson spinoff),-22.52680235341213,34945282048.0,No data available
KDP,Keurig Dr Pepper,Consumer Staples,Soft Drinks & Non-alcoholic Beverages,"Burlington, Massachusetts",2022-06-21,1418135,1981,4.45544192592171,44706701312.0,No data available
KEY,KeyCorp,Financials,Regional Banks,"Cleveland, Ohio",1994-03-01,91576,1825,40.03566487965352,14704488448.0,No data available
KEYS,Keysight,Information Technology,Electronic Equipment & Instruments,"Santa Rosa, California",2018-11-06,1601046,2014 (1939),-17.92114760682201,23981658112.0,No data available
KMB,Kimberly-Clark,Consumer Staples,Household Products,"Irving, Texas",1957-03-04,55785,1872,10.599532736415306,48361512960.0,No data available
KIM,Kimco Realty,Real Estate,Retail REITs,"Jericho, New York",2006-04-04,879101,1958,7.363484847418471,14318223360.0,No data available
KMI,Kinder Morgan,Energy,Oil & Gas Storage & Transportation,"Houston, Texas",2012-05-25,1506307,1997,30.0629816129799,47694475264.0,No data available
KKR,KKR,Financials,Asset Management & Custody Banks,"New York City, New York",2024-06-24,1404912,1976,90.44268729019426,106164846592.0,No data available
KLAC,KLA Corporation,Information Technology,Semiconductor Materials & Equipment,"Milpitas, California",1997-09-30,319201,1975/1977 (1997),71.07249044722566,102669729792.0,No data available
KHC,Kraft Heinz,Consumer Staples,Packaged Foods & Meats,"Chicago, Illinois; Pittsburgh, Pennsylvania",2015-07-06,1637459,2015 (1869),-4.689290394707694,40217616384.0,No data available
KR,Kroger,Consumer Staples,Food Retail,"Cincinnati, Ohio",1957-03-04,56873,1883,16.681721263874127,39344824320.0,No data available
LHX,L3Harris,Industrials,Aerospace & Defense,"Melbourne, Florida",2008-09-22,202058,"2019 (L3 1997, Harris 1895)",20.170021600458377,44531175424.0,No data available
LH,LabCorp,Health Care,Health Care Services,"Burlington, North Carolina",2004-11-01,920148,1978,-2.014169961015312,17817137152.0,No data available
LRCX,Lam Research,Information Technology,Semiconductor Materials & Equipment,"Fremont, California",2012-06-29,707549,1980,50.458733050658644,119903879168.0,No data available
LW,Lamb Weston,Consumer Staples,Packaged Foods & Meats,"Eagle, Idaho",2018-12-03,1679273,2016 (1950),-30.657574103935602,11187416064.0,No data available
LVS,Las Vegas Sands,Consumer Discretionary,Casinos & Gaming,"Las Vegas, Nevada",2019-10-03,1300514,1988,-26.0730637158114,30599079936.0,No data available
LDOS,Leidos,Industrials,Diversified Support Services,"Reston, Virginia",2019-08-09,1336920,1969,66.24442942311819,20273688576.0,No data available
LEN,Lennar,Consumer Discretionary,Homebuilding,"Miami, Florida",2005-10-04,920760,1954,37.32613314625563,46531919872.0,No data available
LLY,Lilly (Eli),Health Care,Pharmaceuticals,"Indianapolis, Indiana",1970-12-31,59478,1876,86.25214631030177,772070244352.0,No data available
LIN,Linde plc,Materials,Industrial Gases,"Guildford, United Kingdom",1992-07-01,1707925,1879,18.019927446447294,213798436864.0,No data available
LYV,Live Nation Entertainment,Communication Services,Movies & Entertainment,"Beverly Hills, California",2019-12-23,1335258,2010,-1.7764937266314333,22010228736.0,No data available
LKQ,LKQ Corporation,Consumer Discretionary,Distributors,"Chicago, Illinois",2016-05-23,1065696,1998,-19.189906375726604,12028930048.0,No data available
LMT,Lockheed Martin,Industrials,Aerospace & Defense,"Bethesda, Maryland",1957-03-04,936468,1995,7.081337737549151,113001521152.0,No data available
L,Loews Corporation,Financials,Multi-line Insurance,"New York City, New York",1995-05-31,60086,1959,26.729591668319713,17282951168.0,No data available
LOW,Lowe's,Consumer Discretionary,Home Improvement Retail,"Mooresville, North Carolina",1984-02-29,60667,1904/1946/1959,5.3830289716165245,135917051904.0,No data available
LULU,Lululemon Athletica,Consumer Discretionary,"Apparel, Accessories & Luxury Goods","Vancouver, Canada",2023-10-18,1397187,1998,-26.611847016028722,35029934080.0,No data available
LYB,LyondellBasell,Materials,Specialty Chemicals,"Rotterdam, Netherlands",2012-09-05,1489393,2007,12.131419529641882,31585335296.0,No data available
MTB,M&T Bank,Financials,Regional Banks,"Buffalo, New York",2004-02-23,36270,1856,24.00569404927881,27633930240.0,No data available
MRO,Marathon Oil,Energy,Oil & Gas Exploration & Production,"Houston, Texas",1957-03-04,101778,1887,15.790182363825018,16069931008.0,No data available
MPC,Marathon Petroleum,Energy,Oil & Gas Refining & Marketing,"Findlay, Ohio",2011-07-01,1510295,2009 (1887),35.631949712582106,58190823424.0,No data available
MKTX,MarketAxess,Financials,Financial Exchanges & Data,"New York City, New York",2019-07-01,1278021,2000,-16.840623783762126,8305484800.0,No data available
MAR,Marriott International,Consumer Discretionary,"Hotels, Resorts & Cruise Lines","Bethesda, Maryland",1998-05-29,1048286,1927,28.643280543742044,69666070528.0,No data available
MMC,Marsh McLennan,Financials,Insurance Brokers,"New York City, New York",1987-08-31,62709,1905,16.231536029831357,106797924352.0,No data available
MLM,Martin Marietta Materials,Materials,Construction Materials,"Raleigh, North Carolina",2014-07-02,916076,1993,22.765717871435818,34461802496.0,No data available
MAS,Masco,Industrials,Building Products,"Livonia, Michigan",1981-06-30,62996,1929,23.99748333496359,16018347008.0,No data available
MA,Mastercard,Financials,Transaction & Payment Processing Services,"Harrison, New York",2008-07-18,1141391,1966,12.121291342932889,412460875776.0,No data available
MTCH,Match Group,Communication Services,Interactive Media & Services,"Dallas, Texas",2021-09-20,891103,1986,-24.334355303669717,9210708992.0,No data available
MKC,McCormick & Company,Consumer Staples,Packaged Foods & Meats,"Hunt Valley, Maryland",2003-03-20,63754,1889,-13.94654555028164,19767965696.0,No data available
MCD,McDonald's,Consumer Discretionary,Restaurants,"Chicago, Illinois",1970-06-30,63908,1940,-11.354420139127662,185417056256.0,No data available
MCK,McKesson Corporation,Health Care,Health Care Distributors,"Irving, Texas",1999-01-13,927653,1833,39.24075017742305,75249246208.0,No data available
MDT,Medtronic,Health Care,Health Care Equipment,"Dublin, Ireland",1986-10-31,1613103,1949,-7.974290121531921,101914820608.0,No data available
MRK,Merck & Co.,Health Care,Pharmaceuticals,"Kenilworth, New Jersey",1957-03-04,310158,1891,19.049622217035417,318551490560.0,No data available
META,Meta Platforms,Communication Services,Interactive Media & Services,"Menlo Park, California",2013-12-23,1326801,2004,57.929991632167976,1209392168960.0,No data available
MET,MetLife,Financials,Life & Health Insurance,"New York City, New York",2000-12-11,1099219,1868,26.77590850516381,53177778176.0,No data available
MTD,Mettler Toledo,Health Care,Life Sciences Tools & Services,"Columbus, Ohio",2016-09-06,1037646,1945,-0.413379081667396,28709898240.0,No data available
MGM,MGM Resorts,Consumer Discretionary,Casinos & Gaming,"Paradise, Nevada",2017-07-26,789570,1986,-8.804022247467808,14231661568.0,No data available
MCHP,Microchip Technology,Information Technology,Semiconductors,"Chandler, Arizona",2007-09-07,827054,1989,2.6815929789428474,47625547776.0,No data available
MU,Micron Technology,Information Technology,Semiconductors,"Boise, Idaho",1994-09-27,723125,1978,77.48466059908932,126696054784.0,No data available
MSFT,Microsoft,Information Technology,Systems Software,"Redmond, Washington",1994-06-01,789019,1975,27.00128355954933,3248736698368.0,No data available
MAA,Mid-America Apartment Communities,Real Estate,Multi-Family Residential REITs,"Memphis, Tennessee",2016-12-02,912595,1977,-2.3188570250280933,17238108160.0,No data available
MRNA,Moderna,Health Care,Biotechnology,"Cambridge, Massachusetts",2021-07-21,1682852,2010,-2.909351086866196,46425694208.0,No data available
MHK,Mohawk Industries,Consumer Discretionary,Home Furnishings,"Calhoun, Georgia",2013-12-23,851968,1878,16.90523328232555,8240893952.0,No data available
MOH,Molina Healthcare,Health Care,Managed Health Care,"Long Beach, California",2022-03-02,1179929,1980,-9.071995424047385,16893223936.0,No data available
TAP,Molson Coors Beverage Company,Consumer Staples,Brewers,"Chicago, Illinois",1976-06-30,24545,"2005 (Molson 1786, Coors 1873)",-23.025766554058634,11127979008.0,No data available
MDLZ,Mondelez International,Consumer Staples,Packaged Foods & Meats,"Chicago, Illinois",2012-10-02,1103982,2012,-7.827679695743742,89133367296.0,No data available
MPWR,Monolithic Power Systems,Information Technology,Semiconductors,"Kirkland, Washington",2021-02-12,1280452,1997,53.99772789549807,39367372800.0,No data available
MNST,Monster Beverage,Consumer Staples,Soft Drinks & Non-alcoholic Beverages,"Corona, California",2012-06-28,865752,2012 (1935),-11.618621446097494,50148687872.0,No data available
MCO,Moody's Corporation,Financials,Financial Exchanges & Data,"New York City, New York",1998-07-01,1059556,1909,24.29727170547813,80738746368.0,No data available
MS,Morgan Stanley,Financials,Investment Banking & Brokerage,"New York City, New York",1993-07-29,895421,1935,13.31381475802787,165283708928.0,No data available
MOS,Mosaic Company (The),Materials,Fertilizers & Agricultural Chemicals,"Tampa, Florida",2011-09-26,1285785,2004 (1865 / 1909),-21.368325775736512,9526087680.0,No data available
MSI,Motorola Solutions,Information Technology,Communications Equipment,"Chicago, Illinois",1957-03-04,68505,1928 (2011),33.58132632614697,65078624256.0,No data available
MSCI,MSCI,Financials,Financial Exchanges & Data,"New York City, New York",2018-04-04,1408198,1969,-1.5886136014433463,39286489088.0,No data available
NDAQ,"Nasdaq, Inc.",Financials,Financial Exchanges & Data,"New York City, New York",2008-10-22,1120193,1971,28.036851275432646,36039077888.0,No data available
NTAP,NetApp,Information Technology,"Technology Hardware, Storage & Peripherals","San Jose, California",1999-06-25,1002047,1992,61.010831308683535,25976328192.0,No data available
NFLX,Netflix,Communication Services,Movies & Entertainment,"Los Gatos, California",2010-12-20,1065280,1997,44.78990613448511,272906846208.0,No data available
NEM,Newmont,Materials,Gold,"Denver, Colorado",1969-06-30,1164727,1921,14.559609450467075,54197579776.0,No data available
NWSA,News Corp (Class A),Communication Services,Publishing,"New York City, New York",2013-08-01,1564708,2013 (News Corporation 1980),38.857928381606854,15726500864.0,No data available
NWS,News Corp (Class B),Communication Services,Publishing,"New York City, New York",2015-09-18,1564708,2013 (News Corporation 1980),41.34484990534089,15726496768.0,No data available
NEE,NextEra Energy,Utilities,Multi-Utilities,"Juno Beach, Florida",1976-06-30,753308,1984 (1925),0.18289896289313484,147926155264.0,No data available
NKE,"Nike, Inc.",Consumer Discretionary,"Apparel, Accessories & Luxury Goods","Washington County, Oregon",1988-11-30,320187,1964,-31.425694090270145,109730463744.0,No data available
NI,NiSource,Utilities,Multi-Utilities,"Merrillville, Indiana",2000-11-02,1111711,1912,13.097843551461988,13668818944.0,No data available
NDSN,Nordson Corporation,Industrials,Industrial Machinery & Supplies & Components,"Westlake, Ohio",2022-02-15,72331,1935,-2.173732284434225,13550370816.0,No data available
NSC,Norfolk Southern Railway,Industrials,Rail Transportation,"Atlanta, Georgia",1957-03-04,702165,1881/1894 (1980),-1.6234024512408323,51497095168.0,No data available
NTRS,Northern Trust,Financials,Asset Management & Custody Banks,"Chicago, Illinois",1998-01-30,73124,1889,11.541363599713714,17238032384.0,No data available
NOC,Northrop Grumman,Industrials,Aerospace & Defense,"West Falls Church, Virginia",1957-03-04,1133421,"1994 (Northrop 1939, Grumman 1930)",-1.9780258211730997,64876433408.0,No data available
NCLH,Norwegian Cruise Line Holdings,Consumer Discretionary,"Hotels, Resorts & Cruise Lines","Miami, Florida",2017-10-13,1513761,2011 (1966),-4.932303881583534,8434946048.0,No data available
NRG,NRG Energy,Utilities,Independent Power Producers & Energy Traders,"Houston, Texas",2010-01-29,1013871,1992,99.84331847321607,15616937984.0,No data available
NUE,Nucor,Materials,Steel,"Charlotte, North Carolina",1985-04-30,73309,1940,-0.8787314160419233,38961324032.0,No data available
NVDA,Nvidia,Information Technology,Semiconductors,"Santa Clara, California",2001-11-30,1045810,1993,159.15050795848146,2900877639680.0,No data available
NVR,"NVR, Inc.",Consumer Discretionary,Homebuilding,"Reston, Virginia",2019-09-26,906163,1980,35.37538824369391,26401431552.0,No data available
NXPI,NXP Semiconductors,Information Technology,Semiconductors,"Eindhoven, Netherlands",2021-03-22,1413447,1953,29.295524274958684,68853145600.0,No data available
ORLY,O'Reilly Auto Parts,Consumer Discretionary,Automotive Retail,"Springfield, Missouri",2009-03-27,898173,1957,9.517659256873898,61418299392.0,No data available
OXY,Occidental Petroleum,Energy,Oil & Gas Exploration & Production,"Houston, Texas",1957-03-04,797468,1920,5.809319139963308,55973392384.0,No data available
ODFL,Old Dominion,Industrials,Cargo Ground Transportation,"Thomasville, North Carolina",2019-12-09,878927,1934,-1.4114887899368673,42472697856.0,No data available
OMC,Omnicom Group,Communication Services,Advertising,"New York City, New York",1997-12-31,29989,1986,6.635092148320966,17804058624.0,No data available
ON,ON Semiconductor,Information Technology,Semiconductors,"Phoenix, Arizona",2022-06-21,1097864,1999,-25.457351999552113,31204726784.0,No data available
OKE,ONEOK,Energy,Oil & Gas Storage & Transportation,"Tulsa, Oklahoma",2010-03-15,1039684,1906,33.81033659404334,48717012992.0,No data available
ORCL,Oracle Corporation,Information Technology,Application Software,"Austin, Texas",1989-08-31,1341439,1977,21.204575403087354,381851959296.0,No data available
OTIS,Otis Worldwide,Industrials,Industrial Machinery & Supplies & Components,"Farmington, Connecticut",2020-04-03,1781335,"2020 (1853, United Technologies spinoff)",14.310635850478516,39514488832.0,No data available
PCAR,Paccar,Industrials,Construction Machinery & Heavy Transportation Equipment,"Bellevue, Washington",1980-12-31,75362,1905,26.929065761816183,56508071936.0,No data available
PKG,Packaging Corporation of America,Materials,Paper & Plastic Packaging Products & Materials,"Lake Forest, Illinois",2017-07-26,75677,1959,44.81940362017912,17170276352.0,No data available
PANW,Palo Alto Networks,Information Technology,Systems Software,"Santa Clara, California",2023-06-20,1327567,2005,36.70316483230241,107142184960.0,No data available
PARA,Paramount Global,Communication Services,Movies & Entertainment,"New York City, New York",1994-09-30,813828,2019 (Paramount Pictures 1912),-26.36762388299668,8115506176.0,No data available
PH,Parker Hannifin,Industrials,Industrial Machinery & Supplies & Components,"Cleveland, Ohio",1985-11-30,76334,1917,37.00078298917633,70009856000.0,No data available
PAYX,Paychex,Industrials,Human Resource & Employment Services,"Penfield, New York",1998-10-01,723531,1971,2.105583459415573,44180381696.0,No data available
PAYC,Paycom,Industrials,Human Resource & Employment Services,"Oklahoma City, Oklahoma",2020-01-28,1590955,1998,-55.450598012629705,9187191808.0,No data available
PYPL,PayPal,Financials,Transaction & Payment Processing Services,"San Jose, California",2015-07-20,1633917,1998,-18.74828189725978,62062145536.0,No data available
PNR,Pentair,Industrials,Industrial Machinery & Supplies & Components,"Worsley, United Kingdom",2012-10-01,77360,1966,20.49669697746006,13089410048.0,No data available
PEP,PepsiCo,Consumer Staples,Soft Drinks & Non-alcoholic Beverages,"Purchase, New York",1957-03-04,77476,1898,-7.803071697813542,232627830784.0,No data available
PFE,Pfizer,Health Care,Pharmaceuticals,"New York City, New York",1957-03-04,78003,1849,-13.938573932239102,169827696640.0,No data available
PCG,PG&E Corporation,Utilities,Multi-Utilities,"San Francisco, California",2022-10-03,1004980,1905,1.700105523791132,47068200960.0,No data available
PM,Philip Morris International,Consumer Staples,Tobacco,"New York City, New York",2008-03-31,1413329,2008 (1847),15.207589221792633,166524469248.0,No data available
PSX,Phillips 66,Energy,Oil & Gas Refining & Marketing,"Houston, Texas",2012-05-01,1534701,2012 (1917),37.622460554810765,58704633856.0,No data available
PNW,Pinnacle West,Utilities,Multi-Utilities,"Phoenix, Arizona",1999-10-04,764622,1985,1.8889526091162643,9331142656.0,No data available
PNC,PNC Financial Services,Financials,Regional Banks,"Pittsburgh, Pennsylvania",1988-04-30,713676,1845,36.752032188298024,69775409152.0,No data available
POOL,Pool Corporation,Consumer Discretionary,Distributors,"Covington, Louisiana",2020-10-07,945841,1993,-7.95372916774083,12591776768.0,No data available
PPG,PPG Industries,Materials,Specialty Chemicals,"Pittsburgh, Pennsylvania",1957-03-04,79879,1883,-12.8304633582137,30025377792.0,No data available
PPL,PPL Corporation,Utilities,Electric Utilities,"Allentown, Pennsylvania",2001-10-01,922224,1920,8.518200280358686,21114146816.0,No data available
PFG,Principal Financial Group,Financials,Life & Health Insurance,"Des Moines, Iowa",2002-07-22,1126328,1879,5.014623684268022,19854667776.0,No data available
PG,Procter & Gamble,Consumer Staples,Personal Care Products,"Cincinnati, Ohio",1957-03-04,80424,1837,14.383223280857852,396409143296.0,No data available
PGR,Progressive Corporation,Financials,Property & Casualty Insurance,"Mayfield Village, Ohio",1997-08-04,80661,1937,78.13886663837988,128473292800.0,No data available
PLD,Prologis,Real Estate,Industrial REITs,"San Francisco, California",2003-07-17,1045609,1983,2.969406516731062,114573189120.0,No data available
PRU,Prudential Financial,Financials,Life & Health Insurance,"Newark, New Jersey",2002-07-22,1137774,1875,36.84782990159323,44439244800.0,No data available
PEG,Public Service Enterprise Group,Utilities,Electric Utilities,"Newark, New Jersey",1957-03-04,788784,1903,20.05065995127397,37176692736.0,No data available
PTC,PTC,Information Technology,Application Software,"Boston, Massachusetts",2021-04-20,857005,1985,22.506957306207543,21065363456.0,No data available
PSA,Public Storage,Real Estate,Self-Storage REITs,"Glendale, California",2005-08-19,1393311,1972,8.9654339918831,53007441920.0,No data available
PHM,PulteGroup,Consumer Discretionary,Homebuilding,"Atlanta, Georgia",1984-04-30,822416,1956,62.14954248713392,26242269184.0,No data available
QRVO,Qorvo,Information Technology,Semiconductors,"Greensboro, North Carolina",2015-06-11,1604778,2015,16.232466826622574,11574508544.0,No data available
PWR,Quanta Services,Industrials,Construction & Engineering,"Houston, Texas",2009-07-01,1050915,1997,29.491635881336208,37850079232.0,No data available
QCOM,Qualcomm,Information Technology,Semiconductors,"San Diego, California",1999-07-22,804328,1985,57.76764400798,207810363392.0,No data available
DGX,Quest Diagnostics,Health Care,Health Care Services,"Secaucus, New Jersey",2002-12-12,1022079,1967,3.9549868221787188,16220541952.0,No data available
RL,Ralph Lauren Corporation,Consumer Discretionary,"Apparel, Accessories & Luxury Goods","New York City, New York",2007-02-02,1037038,1967,32.642330482981265,10357514240.0,No data available
RJF,Raymond James,Financials,Investment Banking & Brokerage,"St. Petersburg, Florida",2017-03-20,720005,1962,-0.5758233390337202,22514427904.0,No data available
RTX,RTX Corporation,Industrials,Aerospace & Defense,"Waltham, Massachusetts",1957-03-04,101829,1922,8.695626221922305,136686919680.0,No data available
O,Realty Income,Real Estate,Retail REITs,"San Diego, California",2015-04-07,726728,1969,-2.5839162238247857,50139168768.0,No data available
REG,Regency Centers,Real Estate,Retail REITs,"Jacksonville, Florida",2017-03-02,910606,1963,5.424099801158443,12286602240.0,No data available
REGN,Regeneron,Health Care,Biotechnology,"Tarrytown, New York",2013-05-01,872589,1988,47.10519029272427,117193826304.0,No data available
RF,Regions Financial Corporation,Financials,Regional Banks,"Birmingham, Alabama",1998-08-28,1281761,1971,14.415777739314892,20230619136.0,No data available
RSG,Republic Services,Industrials,Environmental & Facilities Services,"Phoenix, Arizona",2008-12-05,1060391,1998 (1981),33.333096678120775,64076066816.0,No data available
RMD,ResMed,Health Care,Health Care Equipment,"San Diego, California",2017-07-26,943819,1989,-6.376283203340223,29844158464.0,No data available
RVTY,Revvity,Health Care,Health Care Equipment,"Waltham, Massachusetts",1985-05-31,31791,1937,-14.431638661171387,13344953344.0,No data available
ROK,Rockwell Automation,Industrials,Electrical Components & Equipment,"Milwaukee, Wisconsin",2000-03-12,1024478,1903,-19.828786607524027,30753449984.0,No data available
ROL,"Rollins, Inc.",Industrials,Environmental & Facilities Services,"Atlanta, Georgia",2018-10-01,84839,1948,13.002873462998977,23955410944.0,No data available
ROP,Roper Technologies,Information Technology,Electronic Equipment & Instruments,"Sarasota, Florida",2009-12-23,882835,1981,18.454618768291073,60727697408.0,No data available
ROST,Ross Stores,Consumer Discretionary,Apparel Retail,"Dublin, California",2009-12-21,745732,1982,29.226288389152344,47868014592.0,No data available
RCL,Royal Caribbean Group,Consumer Discretionary,"Hotels, Resorts & Cruise Lines","Miami, Florida",2014-12-05,884887,1997,66.44248073410002,43309260800.0,No data available
SPGI,S&P Global,Financials,Financial Exchanges & Data,"New York City, New York",1957-03-04,64040,1917,14.214198479259965,150141927424.0,No data available
CRM,Salesforce,Information Technology,Application Software,"San Francisco, California",2008-09-15,1108524,1999,8.844426195665749,239953477632.0,No data available
SBAC,SBA Communications,Real Estate,Telecom Tower REITs,"Boca Raton, Florida",2017-09-01,1034054,1989,-4.6151838405577035,22455586816.0,No data available
SLB,Schlumberger,Energy,Oil & Gas Equipment & Services,"Houston, Texas",1957-03-04,87347,1926,-11.412739314066242,70995320832.0,No data available
STX,Seagate Technology,Information Technology,"Technology Hardware, Storage & Peripherals","Dublin, Ireland",2012-07-02,1137789,1979,79.01928461323178,21551169536.0,No data available
SRE,Sempra Energy,Utilities,Multi-Utilities,"San Diego, California",2017-03-17,1032208,1998,7.227050617133307,49089863680.0,No data available
NOW,ServiceNow,Information Technology,Systems Software,"Santa Clara, California",2019-11-21,1373715,2003,29.767828543171554,154282967040.0,No data available
SHW,Sherwin-Williams,Materials,Specialty Chemicals,"Cleveland, Ohio",1964-06-30,89800,1866,21.938930065589812,81604747264.0,No data available
SPG,Simon Property Group,Real Estate,Retail REITs,"Indianapolis, Indiana",2002-06-26,1063761,2003,31.28054053150838,57511219200.0,No data available
SWKS,Skyworks Solutions,Information Technology,Semiconductors,"Irvine, California",2015-03-12,4127,2002,5.3482485661735195,18332676096.0,No data available
SJM,J.M. Smucker Company (The),Consumer Staples,Packaged Foods & Meats,"Orrville, Ohio",2008-11-06,91419,1897,-19.883804154326036,12558029824.0,No data available
SW,Smurfit WestRock,Materials,Paper & Plastic Packaging Products & Materials,"Dublin, Ireland",1957-03-04,2005951,1934,,,No data available
SNA,Snap-on,Industrials,Industrial Machinery & Supplies & Components,"Kenosha, Wisconsin",1982-09-30,91440,1920,1.9837124325827176,14281441280.0,No data available
SOLV,Solventum,Health Care,Health Care Technology,"Saint Paul, Minnesota",2024-04-01,1964738,2023,,,No data available
SO,Southern Company,Utilities,Electric Utilities,"Atlanta, Georgia",1957-03-04,92122,1945,19.204705414938758,89005203456.0,No data available
LUV,Southwest Airlines,Industrials,Passenger Airlines,"Dallas, Texas",1994-07-01,92380,1967,-24.961409501819496,16266034176.0,No data available
SWK,Stanley Black & Decker,Industrials,Industrial Machinery & Supplies & Components,"New Britain, Connecticut",1982-09-30,93556,1843,-7.6458791810103355,13379779584.0,No data available
SBUX,Starbucks,Consumer Discretionary,Restaurants,"Seattle, Washington",2000-06-07,829224,1971,-19.484211466835685,89789128704.0,No data available
STT,State Street Corporation,Financials,Asset Management & Custody Banks,"Boston, Massachusetts",2003-03-14,93751,1792,24.7048467594937,25282027520.0,No data available
STLD,Steel Dynamics,Materials,Steel,"Fort Wayne, Indiana",2022-12-22,1022671,1993,27.533986878343438,20182161408.0,No data available
STE,Steris,Health Care,Health Care Equipment,"Dublin, Ireland",2019-12-23,1757898,1985,-1.6257606918489438,22171783168.0,No data available
SYK,Stryker Corporation,Health Care,Health Care Equipment,"Kalamazoo, Michigan",2000-12-12,310764,1941,16.343391937974904,129884913664.0,No data available
SMCI,Supermicro,Information Technology,"Technology Hardware, Storage & Peripherals","San Jose, California",2024-03-18,1375365,1993,163.00709595362818,46656651264.0,No data available
SYF,Synchrony Financial,Financials,Consumer Finance,"Stamford, Connecticut",2015-11-18,1601712,2003,47.306775161919155,19743148032.0,No data available
SNPS,Synopsys,Information Technology,Application Software,"Sunnyvale, California",2017-03-16,883241,1986,24.664055648454465,86278995968.0,No data available
SYY,Sysco,Consumer Staples,Food Distributors,"Houston, Texas",1986-12-31,96021,1969,0.46444990484555243,36661436416.0,No data available
TMUS,T-Mobile US,Communication Services,Wireless Telecommunication Services,"Bellevue, Washington",2019-07-15,1283699,1994,31.530948029702984,213930606592.0,No data available
TROW,T. Rowe Price,Financials,Asset Management & Custody Banks,"Baltimore, Maryland",2019-07-29,1113169,1937,-0.20313231690896622,25632606208.0,No data available
TTWO,Take-Two Interactive,Communication Services,Interactive Home Entertainment,"New York City, New York",2018-03-19,946581,1993,-0.8704774932357298,26306603008.0,No data available
TPR,"Tapestry, Inc.",Consumer Discretionary,"Apparel, Accessories & Luxury Goods","New York City, New York",2004-09-01,1116132,2017,2.3220955274092874,9473540096.0,No data available
TRGP,Targa Resources,Energy,Oil & Gas Storage & Transportation,"Houston, Texas",2022-10-12,1389170,2005,75.57372165206375,30235545600.0,No data available
TGT,Target Corporation,Consumer Staples,Consumer Staples Merchandise Retail,"Minneapolis, Minnesota",1976-12-31,27419,1902,14.947932749279225,69270634496.0,No data available
TEL,TE Connectivity,Information Technology,Electronic Manufacturing Services,"Schaffhausen, Switzerland",2011-10-17,1385157,2007,8.030227749522126,46145499136.0,No data available
TDY,Teledyne Technologies,Information Technology,Electronic Equipment & Instruments,"Thousand Oaks, California",2020-06-22,1094285,1960,-3.674745111423346,18633721856.0,No data available
TFX,Teleflex,Health Care,Health Care Equipment,"Wayne, Pennsylvania",2019-01-18,96943,1943,-13.415893219978544,10446884864.0,No data available
TER,Teradyne,Information Technology,Semiconductor Materials & Equipment,"North Reading, Massachusetts",2020-09-21,97210,1960,30.97429093157727,22857918464.0,No data available
TSLA,"Tesla, Inc.",Consumer Discretionary,Automobile Manufacturers,"Austin, Texas",2020-12-21,1318605,2003,-9.01483358633091,762856603648.0,No data available
TXN,Texas Instruments,Information Technology,Semiconductors,"Dallas, Texas",2001-03-12,97476,1930,14.163710545582827,181276966912.0,No data available
TXT,Textron,Industrials,Aerospace & Defense,"Providence, Rhode Island",1978-12-31,217346,1923,32.79115788415864,17225842688.0,No data available
TMO,Thermo Fisher Scientific,Health Care,Life Sciences Tools & Services,"Waltham, Massachusetts",2004-08-03,97745,2006 (1902),-0.45994181172708926,203969937408.0,No data available
TJX,TJX Companies,Consumer Discretionary,Apparel Retail,"Framingham, Massachusetts",1985-09-30,109198,1987,32.74959855092245,126294261760.0,No data available
TSCO,Tractor Supply,Consumer Discretionary,Other Specialty Retail,"Brentwood, Tennessee",2014-01-24,916365,1938,27.551230881695854,28941596672.0,No data available
TT,Trane Technologies,Industrials,Building Products,"Dublin, Ireland",2010-11-17,1466258,1871,70.91106833518073,74727849984.0,No data available
TDG,TransDigm Group,Industrials,Aerospace & Defense,"Cleveland, Ohio",2016-06-03,1260221,1993,44.168477905117854,69280538624.0,No data available
TRV,Travelers Companies (The),Financials,Property & Casualty Insurance,"New York City, New York",2002-08-21,86312,1853,19.703580865724692,46595493888.0,No data available
TRMB,Trimble Inc.,Information Technology,Electronic Equipment & Instruments,"Westminster, Colorado",2021-01-21,864749,1978,6.893260805765765,13670763520.0,No data available
TFC,Truist,Financials,Regional Banks,"Charlotte, North Carolina",1997-12-04,92230,1872,36.4529714610546,56748818432.0,No data available
TYL,Tyler Technologies,Information Technology,Application Software,"Plano, Texas",2020-06-22,860731,1966,29.739693691543973,22260588544.0,No data available
TSN,Tyson Foods,Consumer Staples,Packaged Foods & Meats,"Springdale, Arkansas",2005-08-10,100493,1935,18.06983736787436,21265373184.0,No data available
USB,U.S. Bank,Financials,Diversified Banks,"Minneapolis, Minnesota",1999-11-01,36104,1968,20.201629471655632,69846188032.0,No data available
UBER,Uber,Industrials,Passenger Ground Transportation,"San Francisco, California",2023-12-18,1543151,2009,44.53510414361151,140645580800.0,No data available
UDR,"UDR, Inc.",Real Estate,Multi-Family Residential REITs,"Highlands Ranch, Colorado",2016-03-07,74208,1972,0.7744402497089276,15651297280.0,No data available
ULTA,Ulta Beauty,Consumer Discretionary,Other Specialty Retail,"Bolingbrook, Illinois",2016-04-18,1403568,1990,-15.449333131356935,18653296640.0,No data available
UNP,Union Pacific Corporation,Industrials,Rail Transportation,"Omaha, Nebraska",1957-03-04,100885,1862,14.29808953358168,147844759552.0,No data available
UAL,United Airlines Holdings,Industrials,Passenger Airlines,"Chicago, Illinois",2015-09-03,100517,1967,-15.2731119608596,15761012736.0,No data available
UPS,United Parcel Service,Industrials,Air Freight & Logistics,"Sandy Springs, Georgia",2002-07-22,1090727,1907,-18.935638524016802,124210044928.0,No data available
URI,United Rentals,Industrials,Trading Companies & Distributors,"Stamford, Connecticut",2014-09-20,1067701,1997,58.431423417274964,48271269888.0,No data available
UNH,UnitedHealth Group,Health Care,Managed Health Care,"Minnetonka, Minnesota",1994-07-01,731766,1977,13.861882968832804,520321269760.0,No data available
UHS,Universal Health Services,Health Care,Health Care Facilities,"King of Prussia, Pennsylvania",2014-09-20,352915,1979,20.04460511325821,12102138880.0,No data available
VLO,Valero Energy,Energy,Oil & Gas Refining & Marketing,"San Antonio, Texas",2002-12-20,1035002,1980,26.666141114630715,48867913728.0,No data available
VTR,Ventas,Real Estate,Health Care REITs,"Chicago, Illinois",2009-03-04,740260,1998,11.506178447553623,21574455296.0,No data available
VLTO,Veralto,Industrials,Environmental & Facilities Services,"Waltham, Massachusetts",2023-10-02,1967680,2023,26.937180630805152,24304556032.0,No data available
VRSN,Verisign,Information Technology,Internet Services & Infrastructure,"Dulles, Virginia",2006-02-01,1014473,1995,-17.050567596933668,17647126528.0,No data available
VRSK,Verisk,Industrials,Research & Consulting Services,"Jersey City, New Jersey",2015-10-08,1442145,1971,20.622333967128718,39496720384.0,No data available
VZ,Verizon,Communication Services,Integrated Telecommunication Services,"New York City, New York",1983-11-30,732712,1983 (1877),32.711156387079114,175188983808.0,No data available
VRTX,Vertex Pharmaceuticals,Health Care,Biotechnology,"Boston, Massachusetts",2013-09-23,875320,1989,35.860371835030655,126851112960.0,No data available
VTRS,Viatris,Health Care,Pharmaceuticals,"Pittsburgh, Pennsylvania",2004-04-23,1792044,1961,18.237716939716684,14097651712.0,No data available
VICI,Vici Properties,Real Estate,Hotel & Resort REITs,"New York City, New York",2022-06-08,1705696,2017,-2.012529387912553,31618785280.0,No data available
V,Visa Inc.,Financials,Transaction & Payment Processing Services,"San Francisco, California",2009-12-21,1403161,1958,11.641991186171763,543157682176.0,No data available
VST,Vistra,Utilities,Electric Utilities,"Irving, Texas",2024-05-08,1692819,2016,184.43152188510575,26570266624.0,No data available
VMC,Vulcan Materials Company,Materials,Construction Materials,"Birmingham, Alabama",1999-06-30,1396009,1909,16.43805267072246,33875030016.0,No data available
WRB,W. R. Berkley Corporation,Financials,Property & Casualty Insurance,"Greenwich, Connecticut",2019-12-05,11544,1967,28.86300440394014,19765229568.0,No data available
GWW,W. W. Grainger,Industrials,Industrial Machinery & Supplies & Components,"Lake Forest, Illinois",1981-06-30,277135,1927,24.418854012203365,46471655424.0,No data available
WAB,Wabtec,Industrials,Construction Machinery & Heavy Transportation Equipment,"Pittsburgh, Pennsylvania",2019-02-27,943452,1999 (1869),47.313936396648295,29137037312.0,No data available
WBA,Walgreens Boots Alliance,Consumer Staples,Drug Retail,"Deerfield, Illinois",1979-12-31,1618921,2014,-61.093605678473274,9504658432.0,No data available
WMT,Walmart,Consumer Staples,Consumer Staples Merchandise Retail,"Bentonville, Arkansas",1982-08-31,104169,1962,36.694410145995796,569080479744.0,No data available
DIS,Walt Disney Company (The),Communication Services,Movies & Entertainment,"Burbank, California",1976-06-30,1744489,1923,11.930361958476485,174537850880.0,No data available
WBD,Warner Bros. Discovery,Communication Services,Broadcasting,"New York City, New York",2022-04-11,1437107,2022 (Warner Bros. 1923),-33.86727457404547,21244186624.0,No data available
WM,Waste Management,Industrials,Environmental & Facilities Services,"Houston, Texas",1998-08-31,823768,1968,31.687789978055374,89361293312.0,No data available
WAT,Waters Corporation,Health Care,Life Sciences Tools & Services,"Milford, Massachusetts",2002-01-02,1000697,1958,8.203171572455444,17957259264.0,No data available
WEC,WEC Energy Group,Utilities,Electric Utilities,"Milwaukee, Wisconsin",2008-10-31,783325,1896,-7.05897011822787,25755367424.0,No data available
WFC,Wells Fargo,Financials,Diversified Banks,"San Francisco, California",1976-06-30,72971,1852,29.4230729957885,201542516736.0,No data available
WELL,Welltower,Real Estate,Health Care REITs,"Toledo, Ohio",2009-01-30,766704,1970,34.5629232438219,64222162944.0,No data available
WST,West Pharmaceutical Services,Health Care,Health Care Supplies,"Exton, Pennsylvania",2020-05-22,105770,1923,-15.877618507823001,23273461760.0,No data available
WDC,Western Digital,Information Technology,"Technology Hardware, Storage & Peripherals","San Jose, California",2009-07-01,106040,1970,82.3928994809301,22797975552.0,No data available
WY,Weyerhaeuser,Real Estate,Timber REITs,"Seattle, Washington",1979-10-01,106535,1900,-9.660421920549853,21972572160.0,No data available
WMB,Williams Companies,Energy,Oil & Gas Storage & Transportation,"Tulsa, Oklahoma",1975-03-31,107263,1908,37.72030696859498,53624995840.0,No data available
WTW,Willis Towers Watson,Financials,Insurance Brokers,"London, United Kingdom",2016-01-05,1140536,2016,14.96809732250052,26901358592.0,No data available
WYNN,Wynn Resorts,Consumer Discretionary,Casinos & Gaming,"Paradise, Nevada",2008-11-14,1174922,2002,-20.604377014415796,9350083584.0,No data available
XEL,Xcel Energy,Utilities,Multi-Utilities,"Minneapolis, Minnesota",1957-03-04,72903,1909,-9.977222866908257,31082442752.0,No data available
XYL,Xylem Inc.,Industrials,Industrial Machinery & Supplies & Components,"White Plains, New York",2011-11-01,1524472,2011,22.547948234851862,33334040576.0,No data available
YUM,Yum! Brands,Consumer Discretionary,Restaurants,"Louisville, Kentucky",1997-10-06,1041061,1997,-4.7675446821186585,35747549184.0,No data available
ZBRA,Zebra Technologies,Information Technology,Electronic Equipment & Instruments,"Lincolnshire, Illinois",2019-12-23,877212,1969,5.552637810350303,16528766976.0,No data available
ZBH,Zimmer Biomet,Health Care,Health Care Equipment,"Warsaw, Indiana",2001-08-07,1136869,1927,-21.938911076974122,22732943360.0,No data available
ZTS,Zoetis,Health Care,Pharmaceuticals,"Parsippany, New Jersey",2013-06-21,1555280,1952,5.094753406589617,81485160448.0,No data available
